{"bundle_id":"offline_OLSK Large 3D Printer V3_20250317153334","bundle_type":"printer config bundle","filament_config":["filament/OLSK ABS.json","filament/OLSK ASA.json","filament/OLSK ASA V3.json","filament/OLSK LARGE 3D PLA.json","filament/OLSK PETG.json","filament/OLSK PETG V3_g.json","filament/OLSK PLA.json","filament/OLSK PLA V3.json","filament/OLSK Pellet PLA.json","filament/OLSK Pellet PLA_1.5.json","filament/OLSK TPU.json","filament/OLSK TPU V3.json"],"printer_config":["printer/OLSK Large 3D Printer V3.json"],"printer_preset_name":"OLSK Large 3D Printer V3","process_config":["process/0.20mm Standard @OLSK Small v2(g).json","process/0.20mm Standard @OLSK Small v3.json","process/0.20mm Standard(experimental) @OLSK Small v3.json","process/0.4mm detail @OLSK Large 3D v3.json","process/0.80mm Standard @OLSK Large 3D v2.json","process/0.9mm Spiral @OLSK Large 3D v3.json","process/0.9mm strength @OLSK Large 3D v3.json"],"version":""}