{
    "accel_to_decel_enable": "0",
    "accel_to_decel_factor": "75%",
    "bridge_speed": "120",
    "brim_type": "no_brim",
    "brim_width": "10",
    "compatible_printers": [
        "MyKlipper 0.4 nozzle"
    ],
    "default_acceleration": "10000",
    "elefant_foot_compensation": "0.05",
    "enable_arc_fitting": "1",
    "filename_format": "{input_filename_base}_{filament_type[0]}_{print_time}.gcode",
    "from": "User",
    "gap_infill_speed": "250",
    "infill_wall_overlap": "15%",
    "inherits": "0.20mm Standard @MyKlipper",
    "initial_layer_line_width": "0.5",
    "initial_layer_speed": "60",
    "inner_wall_acceleration": "10000",
    "inner_wall_line_width": "0.45",
    "inner_wall_speed": "300",
    "internal_solid_infill_line_width": "0.42",
    "internal_solid_infill_speed": "250",
    "is_custom_defined": "0",
    "line_width": "0.42",
    "name": "0.20mm Standard(experimental) @OLSK Small v3",
    "only_one_wall_top": "1",
    "outer_wall_acceleration": "5000",
    "outer_wall_line_width": "0.42",
    "outer_wall_speed": "200",
    "overhang_2_4_speed": "120",
    "overhang_3_4_speed": "120",
    "overhang_4_4_speed": "120",
    "print_settings_id": "0.20mm Standard(experimental) @OLSK Small v3",
    "skirt_height": "1",
    "skirt_loops": "1",
    "skirt_speed": "0",
    "sparse_infill_line_width": "0.45",
    "sparse_infill_pattern": "grid",
    "sparse_infill_speed": "270",
    "support_base_pattern": "rectilinear",
    "support_interface_pattern": "rectilinear",
    "support_interface_top_layers": "0",
    "support_line_width": "0.42",
    "support_on_build_plate_only": "1",
    "support_speed": "250",
    "support_threshold_angle": "45",
    "support_top_z_distance": "0",
    "top_shell_layers": "5",
    "top_shell_thickness": "1",
    "top_surface_acceleration": "2000",
    "top_surface_line_width": "0.42",
    "top_surface_speed": "200",
    "travel_acceleration": "10000",
    "travel_speed": "600",
    "tree_support_branch_angle": "45",
    "tree_support_top_rate": "15%",
    "tree_support_wall_count": "2",
    "version": "1.6.0.0",
    "wall_loops": "2"
}
