{
    "bridge_speed": "30",
    "brim_type": "outer_only",
    "brim_width": "2",
    "compatible_printers": [
        "MyKlipper 0.4 nozzle"
    ],
    "default_acceleration": "1500",
    "elefant_foot_compensation": "0.15",
    "enable_prime_tower": "1",
    "filename_format": "{input_filename_base}_{filament_type[0]}_{print_time}.gcode",
    "from": "User",
    "gap_infill_speed": "50",
    "infill_wall_overlap": "15%",
    "inherits": "0.20mm Standard @MyKlipper",
    "initial_layer_infill_speed": "55",
    "initial_layer_line_width": "1.22",
    "initial_layer_print_height": "0.9",
    "initial_layer_speed": "35",
    "inner_wall_acceleration": "1500",
    "inner_wall_line_width": "1.22",
    "inner_wall_speed": "100",
    "internal_solid_infill_line_width": "1.22",
    "internal_solid_infill_speed": "100",
    "is_custom_defined": "0",
    "layer_height": "0.9",
    "line_width": "1.22",
    "name": "0.9mm strength @OLSK Large 3D v3",
    "only_one_wall_top": "1",
    "outer_wall_acceleration": "1500",
    "outer_wall_line_width": "1.22",
    "outer_wall_speed": "60",
    "overhang_3_4_speed": "25",
    "overhang_4_4_speed": "5",
    "prime_tower_brim_width": "45",
    "prime_tower_width": "35",
    "print_settings_id": "0.9mm strength @OLSK Large 3D v3",
    "skirt_distance": "5",
    "skirt_height": "1",
    "skirt_loops": "1",
    "skirt_speed": "0",
    "sparse_infill_density": "25%",
    "sparse_infill_line_width": "1.22",
    "sparse_infill_pattern": "honeycomb",
    "sparse_infill_speed": "100",
    "support_base_pattern": "rectilinear",
    "support_interface_pattern": "rectilinear",
    "support_line_width": "1.22",
    "support_speed": "100",
    "top_shell_layers": "3",
    "top_shell_thickness": "0",
    "top_surface_acceleration": "1500",
    "top_surface_line_width": "1.22",
    "top_surface_pattern": "monotonic",
    "travel_acceleration": "1500",
    "travel_speed": "300",
    "tree_support_branch_angle": "45",
    "tree_support_top_rate": "15%",
    "version": "1.6.1.0",
    "wall_loops": "5"
}
