{
    "compatible_printers": [
        "MyKlipper 0.4 nozzle",
        "MyMarlin 0.4 nozzle"
    ],
    "default_filament_colour": [
        "#FF005C"
    ],
    "enable_pressure_advance": [
        "1"
    ],
    "fan_cooling_layer_time": [
        "100"
    ],
    "fan_max_speed": [
        "30"
    ],
    "fan_min_speed": [
        "30"
    ],
    "filament_cost": [
        "30"
    ],
    "filament_density": [
        "1.05"
    ],
    "filament_flow_ratio": [
        "0.95"
    ],
    "filament_max_volumetric_speed": [
        "18"
    ],
    "filament_settings_id": [
        "OLSK ASA"
    ],
    "from": "User",
    "inherits": "My Generic ASA",
    "is_custom_defined": "0",
    "name": "OLSK ASA",
    "nozzle_temperature": [
        "270"
    ],
    "nozzle_temperature_initial_layer": [
        "270"
    ],
    "nozzle_temperature_range_high": [
        "280"
    ],
    "overhang_fan_speed": [
        "30"
    ],
    "slow_down_for_layer_cooling": [
        "0"
    ],
    "slow_down_layer_time": [
        "100"
    ],
    "slow_down_min_speed": [
        "20"
    ],
    "temperature_vitrification": [
        "100"
    ],
    "version": "1.6.0.0"
}
