{
    "additional_cooling_fan_speed": [
        "30"
    ],
    "compatible_printers": [
        "MyKlipper 0.4 nozzle",
        "MyMarlin 0.4 nozzle"
    ],
    "default_filament_colour": [
        "#FF005C"
    ],
    "fan_max_speed": [
        "45"
    ],
    "fan_min_speed": [
        "45"
    ],
    "filament_density": [
        "1.22"
    ],
    "filament_max_volumetric_speed": [
        "3"
    ],
    "filament_retraction_length": [
        "0.8"
    ],
    "filament_retraction_speed": [
        "10"
    ],
    "filament_settings_id": [
        "OLSK TPU V3"
    ],
    "from": "User",
    "inherits": "My Generic TPU",
    "is_custom_defined": "0",
    "name": "OLSK TPU V3",
    "nozzle_temperature": [
        "230"
    ],
    "nozzle_temperature_initial_layer": [
        "230"
    ],
    "temperature_vitrification": [
        "35"
    ],
    "version": "1.6.0.0"
}
