{
    "compatible_printers": [
        "MyKlipper 0.4 nozzle",
        "MyMarlin 0.4 nozzle"
    ],
    "default_filament_colour": [
        "#FF005C"
    ],
    "dont_slow_down_outer_wall": [
        "1"
    ],
    "fan_max_speed": [
        "45"
    ],
    "fan_min_speed": [
        "45"
    ],
    "filament_cost": [
        "24.99"
    ],
    "filament_density": [
        "1.25"
    ],
    "filament_max_volumetric_speed": [
        "27"
    ],
    "filament_settings_id": [
        "OLSK PETG"
    ],
    "from": "User",
    "hot_plate_temp": [
        "70"
    ],
    "hot_plate_temp_initial_layer": [
        "70"
    ],
    "inherits": "My Generic PETG",
    "is_custom_defined": "0",
    "name": "OLSK PETG",
    "nozzle_temperature": [
        "245"
    ],
    "nozzle_temperature_initial_layer": [
        "245"
    ],
    "nozzle_temperature_range_high": [
        "270"
    ],
    "nozzle_temperature_range_low": [
        "240"
    ],
    "overhang_fan_speed": [
        "40"
    ],
    "overhang_fan_threshold": [
        "95%"
    ],
    "slow_down_for_layer_cooling": [
        "0"
    ],
    "temperature_vitrification": [
        "70"
    ],
    "version": "1.6.0.0"
}
