{
    "compatible_printers": [
        "MyKlipper 0.4 nozzle",
        "MyMarlin 0.4 nozzle"
    ],
    "filament_flow_ratio": [
        "3"
    ],
    "filament_max_volumetric_speed": [
        "34"
    ],
    "filament_settings_id": [
        "OLSK Pellet PLA_1.5"
    ],
    "from": "User",
    "hot_plate_temp": [
        "70"
    ],
    "hot_plate_temp_initial_layer": [
        "70"
    ],
    "inherits": "My Generic PLA",
    "is_custom_defined": "0",
    "name": "OLSK Pellet PLA_1.5",
    "nozzle_temperature": [
        "240"
    ],
    "nozzle_temperature_initial_layer": [
        "240"
    ],
    "nozzle_temperature_range_high": [
        "240"
    ],
    "temperature_vitrification": [
        "80"
    ],
    "version": "1.6.1.0"
}
