{
    "additional_cooling_fan_speed": [
        "50"
    ],
    "compatible_printers": [],
    "complete_print_exhaust_fan_speed": [
        "0"
    ],
    "default_filament_colour": [
        "#FF005C"
    ],
    "during_print_exhaust_fan_speed": [
        "0"
    ],
    "fan_max_speed": [
        "50"
    ],
    "fan_min_speed": [
        "50"
    ],
    "filament_cost": [
        "30"
    ],
    "filament_max_volumetric_speed": [
        "18"
    ],
    "filament_settings_id": [
        "OLSK PLA V3"
    ],
    "filament_z_hop": [
        "0"
    ],
    "from": "User",
    "inherits": "My Generic PLA",
    "is_custom_defined": "0",
    "name": "OLSK PLA V3",
    "nozzle_temperature_range_high": [
        "240"
    ],
    "overhang_fan_speed": [
        "50"
    ],
    "slow_down_layer_time": [
        "5"
    ],
    "slow_down_min_speed": [
        "5"
    ],
    "version": "2.2.0.4"
}
