{
    "compatible_printers": [
        "MyKlipper 0.4 nozzle",
        "MyMarlin 0.4 nozzle"
    ],
    "default_filament_colour": [
        "#FF005C"
    ],
    "filament_cost": [
        "30"
    ],
    "filament_max_volumetric_speed": [
        "21"
    ],
    "filament_settings_id": [
        "OLSK PLA"
    ],
    "from": "User",
    "inherits": "My Generic PLA",
    "is_custom_defined": "0",
    "name": "OLSK PLA",
    "overhang_fan_speed": [
        "75"
    ],
    "slow_down_for_layer_cooling": [
        "0"
    ],
    "version": "1.6.0.0"
}
