{
    "compatible_printers": [
        "MyKlipper 0.4 nozzle",
        "MyMarlin 0.4 nozzle"
    ],
    "default_filament_colour": [
        "#FF005C"
    ],
    "fan_max_speed": [
        "20"
    ],
    "fan_min_speed": [
        "20"
    ],
    "filament_cost": [
        "30"
    ],
    "filament_flow_ratio": [
        "0.95"
    ],
    "filament_max_volumetric_speed": [
        "22"
    ],
    "filament_settings_id": [
        "OLSK ABS"
    ],
    "from": "User",
    "inherits": "My Generic ABS",
    "is_custom_defined": "0",
    "name": "OLSK ABS",
    "nozzle_temperature": [
        "250"
    ],
    "nozzle_temperature_initial_layer": [
        "250"
    ],
    "nozzle_temperature_range_high": [
        "280"
    ],
    "overhang_fan_speed": [
        "20"
    ],
    "slow_down_min_speed": [
        "20"
    ],
    "temperature_vitrification": [
        "100"
    ],
    "version": "1.6.1.0"
}
