{
    "default_filament_colour": [
        "#FF005C"
    ],
    "filament_density": [
        "1.5"
    ],
    "filament_flow_ratio": [
        "1.08"
    ],
    "filament_max_volumetric_speed": [
        "30"
    ],
    "filament_retraction_length": [
        "1.2"
    ],
    "filament_settings_id": [
        "OLSK LARGE 3D PLA"
    ],
    "filament_vendor": [
        "Nebula"
    ],
    "filament_z_hop": [
        "0.8"
    ],
    "filament_z_hop_types": [
        "Auto Lift"
    ],
    "from": "User",
    "hot_plate_temp": [
        "70"
    ],
    "hot_plate_temp_initial_layer": [
        "70"
    ],
    "inherits": "My Generic PLA",
    "is_custom_defined": "0",
    "name": "OLSK LARGE 3D PLA",
    "nozzle_temperature": [
        "215"
    ],
    "nozzle_temperature_initial_layer": [
        "215"
    ],
    "nozzle_temperature_range_low": [
        "215"
    ],
    "version": "2.1.1.0"
}
